{
    "build_info": {
        "core": {
            "links": [],
            "objs": [
                "build/Objects/abstract.o",
                "build/Objects/accu.o",
                "build/Objects/boolobject.o",
                "build/Objects/bytearrayobject.o",
                "build/Objects/bytes_methods.o",
                "build/Objects/bytesobject.o",
                "build/Objects/call.o",
                "build/Objects/capsule.o",
                "build/Objects/cellobject.o",
                "build/Objects/classobject.o",
                "build/Objects/codeobject.o",
                "build/Objects/complexobject.o",
                "build/Objects/descrobject.o",
                "build/Objects/dictobject.o",
                "build/Objects/enumobject.o",
                "build/Objects/exceptions.o",
                "build/Objects/fileobject.o",
                "build/Objects/floatobject.o",
                "build/Objects/frameobject.o",
                "build/Objects/funcobject.o",
                "build/Objects/genericaliasobject.o",
                "build/Objects/genobject.o",
                "build/Objects/interpreteridobject.o",
                "build/Objects/iterobject.o",
                "build/Objects/listobject.o",
                "build/Objects/longobject.o",
                "build/Objects/memoryobject.o",
                "build/Objects/methodobject.o",
                "build/Objects/moduleobject.o",
                "build/Objects/namespaceobject.o",
                "build/Objects/object.o",
                "build/Objects/obmalloc.o",
                "build/Objects/odictobject.o",
                "build/Objects/picklebufobject.o",
                "build/Objects/rangeobject.o",
                "build/Objects/setobject.o",
                "build/Objects/sliceobject.o",
                "build/Objects/structseq.o",
                "build/Objects/tupleobject.o",
                "build/Objects/typeobject.o",
                "build/Objects/unicodectype.o",
                "build/Objects/unicodeobject.o",
                "build/Objects/weakrefobject.o",
                "build/Parser/acceler.o",
                "build/Parser/grammar1.o",
                "build/Parser/listnode.o",
                "build/Parser/myreadline.o",
                "build/Parser/node.o",
                "build/Parser/parser.o",
                "build/Parser/parsetok.o",
                "build/Parser/token.o",
                "build/Parser/tokenizer.o",
                "build/Python/Python-ast.o",
                "build/Python/_warnings.o",
                "build/Python/asdl.o",
                "build/Python/ast.o",
                "build/Python/ast_opt.o",
                "build/Python/ast_unparse.o",
                "build/Python/bltinmodule.o",
                "build/Python/bootstrap_hash.o",
                "build/Python/ceval.o",
                "build/Python/codecs.o",
                "build/Python/compile.o",
                "build/Python/context.o",
                "build/Python/dtoa.o",
                "build/Python/dynamic_annotations.o",
                "build/Python/dynload_shlib.o",
                "build/Python/errors.o",
                "build/Python/fileutils.o",
                "build/Python/formatter_unicode.o",
                "build/Python/frozen.o",
                "build/Python/frozenmain.o",
                "build/Python/future.o",
                "build/Python/getargs.o",
                "build/Python/getcompiler.o",
                "build/Python/getcopyright.o",
                "build/Python/getopt.o",
                "build/Python/getplatform.o",
                "build/Python/getversion.o",
                "build/Python/graminit.o",
                "build/Python/hamt.o",
                "build/Python/hashtable.o",
                "build/Python/import.o",
                "build/Python/importdl.o",
                "build/Python/initconfig.o",
                "build/Python/marshal.o",
                "build/Python/modsupport.o",
                "build/Python/mysnprintf.o",
                "build/Python/mystrtoul.o",
                "build/Python/pathconfig.o",
                "build/Python/peephole.o",
                "build/Python/preconfig.o",
                "build/Python/pyarena.o",
                "build/Python/pyctype.o",
                "build/Python/pyfpe.o",
                "build/Python/pyhash.o",
                "build/Python/pylifecycle.o",
                "build/Python/pymath.o",
                "build/Python/pystate.o",
                "build/Python/pystrcmp.o",
                "build/Python/pystrhex.o",
                "build/Python/pystrtod.o",
                "build/Python/pythonrun.o",
                "build/Python/pytime.o",
                "build/Python/structmember.o",
                "build/Python/symtable.o",
                "build/Python/sysmodule.o",
                "build/Python/thread.o",
                "build/Python/traceback.o",
                "build/Modules/config.o",
                "build/Modules/gcmodule.o",
                "build/Modules/getbuildinfo.o",
                "build/Modules/getpath.o",
                "build/Modules/main.o"
            ],
            "shared_lib": "install/lib/libpython3.9.dylib",
            "static_lib": "install/lib/python3.9/config-3.9-darwin/libpython3.9.a"
        },
        "extensions": {
            "_abc": [
                {
                    "in_core": false,
                    "init_fn": "PyInit__abc",
                    "links": [
                        {
                            "name": "intl",
                            "path_static": "build/lib/libintl.a"
                        },
                        {
                            "name": "iconv",
                            "system": true
                        }
                    ],
                    "objs": [
                        "build/Modules/_abc.o"
                    ],
                    "required": false,
                    "variant": "default"
                }
            ],
            "_ast": [
                {
                    "in_core": true,
                    "init_fn": "PyInit__ast",
                    "links": [],
                    "objs": [],
                    "required": false,
                    "variant": "default"
                }
            ],
            "_asyncio": [
                {
                    "in_core": false,
                    "init_fn": "PyInit__asyncio",
                    "links": [
                        {
                            "name": "intl",
                            "path_static": "build/lib/libintl.a"
                        },
                        {
                            "name": "iconv",
                            "system": true
                        }
                    ],
                    "objs": [
                        "build/Modules/_asynciomodule.o"
                    ],
                    "required": false,
                    "variant": "default"
                }
            ],
            "_bisect": [
                {
                    "in_core": false,
                    "init_fn": "PyInit__bisect",
                    "links": [
                        {
                            "name": "intl",
                            "path_static": "build/lib/libintl.a"
                        },
                        {
                            "name": "iconv",
                            "system": true
                        }
                    ],
                    "objs": [
                        "build/Modules/_bisectmodule.o"
                    ],
                    "required": false,
                    "variant": "default"
                }
            ],
            "_blake2": [
                {
                    "in_core": false,
                    "init_fn": "PyInit__blake2",
                    "links": [
                        {
                            "name": "intl",
                            "path_static": "build/lib/libintl.a"
                        },
                        {
                            "name": "iconv",
                            "system": true
                        }
                    ],
                    "objs": [
                        "build/Modules/blake2b_impl.o",
                        "build/Modules/blake2module.o",
                        "build/Modules/blake2s_impl.o"
                    ],
                    "required": false,
                    "variant": "default"
                }
            ],
            "_bz2": [
                {
                    "in_core": false,
                    "init_fn": "PyInit__bz2",
                    "license_paths": [
                        "licenses/LICENSE.bzip2.txt"
                    ],
                    "license_public_domain": false,
                    "licenses": [
                        "bzip2-1.0.6"
                    ],
                    "links": [
                        {
                            "name": "bz2",
                            "path_static": "build/lib/libbz2.a"
                        },
                        {
                            "name": "intl",
                            "path_static": "build/lib/libintl.a"
                        },
                        {
                            "name": "iconv",
                            "system": true
                        }
                    ],
                    "objs": [
                        "build/Modules/_bz2module.o"
                    ],
                    "required": false,
                    "variant": "default"
                }
            ],
            "_codecs": [
                {
                    "in_core": false,
                    "init_fn": "PyInit__codecs",
                    "links": [
                        {
                            "name": "intl",
                            "path_static": "build/lib/libintl.a"
                        },
                        {
                            "name": "iconv",
                            "system": true
                        }
                    ],
                    "objs": [
                        "build/Modules/_codecsmodule.o"
                    ],
                    "required": true,
                    "variant": "default"
                }
            ],
            "_codecs_cn": [
                {
                    "in_core": false,
                    "init_fn": "PyInit__codecs_cn",
                    "links": [
                        {
                            "name": "intl",
                            "path_static": "build/lib/libintl.a"
                        },
                        {
                            "name": "iconv",
                            "system": true
                        }
                    ],
                    "objs": [
                        "build/Modules/_codecs_cn.o"
                    ],
                    "required": false,
                    "variant": "default"
                }
            ],
            "_codecs_hk": [
                {
                    "in_core": false,
                    "init_fn": "PyInit__codecs_hk",
                    "links": [
                        {
                            "name": "intl",
                            "path_static": "build/lib/libintl.a"
                        },
                        {
                            "name": "iconv",
                            "system": true
                        }
                    ],
                    "objs": [
                        "build/Modules/_codecs_hk.o"
                    ],
                    "required": false,
                    "variant": "default"
                }
            ],
            "_codecs_iso2022": [
                {
                    "in_core": false,
                    "init_fn": "PyInit__codecs_iso2022",
                    "links": [
                        {
                            "name": "intl",
                            "path_static": "build/lib/libintl.a"
                        },
                        {
                            "name": "iconv",
                            "system": true
                        }
                    ],
                    "objs": [
                        "build/Modules/_codecs_iso2022.o"
                    ],
                    "required": false,
                    "variant": "default"
                }
            ],
            "_codecs_jp": [
                {
                    "in_core": false,
                    "init_fn": "PyInit__codecs_jp",
                    "links": [
                        {
                            "name": "intl",
                            "path_static": "build/lib/libintl.a"
                        },
                        {
                            "name": "iconv",
                            "system": true
                        }
                    ],
                    "objs": [
                        "build/Modules/_codecs_jp.o"
                    ],
                    "required": false,
                    "variant": "default"
                }
            ],
            "_codecs_kr": [
                {
                    "in_core": false,
                    "init_fn": "PyInit__codecs_kr",
                    "links": [
                        {
                            "name": "intl",
                            "path_static": "build/lib/libintl.a"
                        },
                        {
                            "name": "iconv",
                            "system": true
                        }
                    ],
                    "objs": [
                        "build/Modules/_codecs_kr.o"
                    ],
                    "required": false,
                    "variant": "default"
                }
            ],
            "_codecs_tw": [
                {
                    "in_core": false,
                    "init_fn": "PyInit__codecs_tw",
                    "links": [
                        {
                            "name": "intl",
                            "path_static": "build/lib/libintl.a"
                        },
                        {
                            "name": "iconv",
                            "system": true
                        }
                    ],
                    "objs": [
                        "build/Modules/_codecs_tw.o"
                    ],
                    "required": false,
                    "variant": "default"
                }
            ],
            "_collections": [
                {
                    "in_core": false,
                    "init_fn": "PyInit__collections",
                    "links": [
                        {
                            "name": "intl",
                            "path_static": "build/lib/libintl.a"
                        },
                        {
                            "name": "iconv",
                            "system": true
                        }
                    ],
                    "objs": [
                        "build/Modules/_collectionsmodule.o"
                    ],
                    "required": false,
                    "variant": "default"
                }
            ],
            "_contextvars": [
                {
                    "in_core": false,
                    "init_fn": "PyInit__contextvars",
                    "links": [
                        {
                            "name": "intl",
                            "path_static": "build/lib/libintl.a"
                        },
                        {
                            "name": "iconv",
                            "system": true
                        }
                    ],
                    "objs": [
                        "build/Modules/_contextvarsmodule.o"
                    ],
                    "required": false,
                    "variant": "default"
                }
            ],
            "_crypt": [
                {
                    "in_core": false,
                    "init_fn": "PyInit__crypt",
                    "links": [
                        {
                            "name": "intl",
                            "path_static": "build/lib/libintl.a"
                        },
                        {
                            "name": "iconv",
                            "system": true
                        }
                    ],
                    "objs": [
                        "build/Modules/_cryptmodule.o"
                    ],
                    "required": false,
                    "variant": "default"
                }
            ],
            "_csv": [
                {
                    "in_core": false,
                    "init_fn": "PyInit__csv",
                    "links": [
                        {
                            "name": "intl",
                            "path_static": "build/lib/libintl.a"
                        },
                        {
                            "name": "iconv",
                            "system": true
                        }
                    ],
                    "objs": [
                        "build/Modules/_csv.o"
                    ],
                    "required": false,
                    "variant": "default"
                }
            ],
            "_ctypes": [
                {
                    "in_core": false,
                    "init_fn": "PyInit__ctypes",
                    "license_paths": [
                        "licenses/LICENSE.libffi.txt"
                    ],
                    "license_public_domain": false,
                    "licenses": [
                        "MIT"
                    ],
                    "links": [
                        {
                            "name": "dl",
                            "system": true
                        },
                        {
                            "name": "ffi",
                            "path_static": "build/lib/libffi.a"
                        },
                        {
                            "name": "intl",
                            "path_static": "build/lib/libintl.a"
                        },
                        {
                            "name": "iconv",
                            "system": true
                        }
                    ],
                    "objs": [
                        "build/Modules/_ctypes.o",
                        "build/Modules/callbacks.o",
                        "build/Modules/callproc.o",
                        "build/Modules/cfield.o",
                        "build/Modules/dlfcn_simple.o",
                        "build/Modules/malloc_closure.o",
                        "build/Modules/stgdict.o"
                    ],
                    "required": false,
                    "variant": "default"
                }
            ],
            "_curses": [
                {
                    "in_core": false,
                    "init_fn": "PyInit__curses",
                    "license_paths": [
                        "licenses/LICENSE.ncurses.txt"
                    ],
                    "license_public_domain": false,
                    "licenses": [
                        "X11"
                    ],
                    "links": [
                        {
                            "name": "ncurses",
                            "system": true
                        },
                        {
                            "name": "intl",
                            "path_static": "build/lib/libintl.a"
                        },
                        {
                            "name": "iconv",
                            "system": true
                        }
                    ],
                    "objs": [
                        "build/Modules/_cursesmodule.o"
                    ],
                    "required": false,
                    "variant": "default"
                }
            ],
            "_curses_panel": [
                {
                    "in_core": false,
                    "init_fn": "PyInit__curses_panel",
                    "license_paths": [
                        "licenses/LICENSE.ncurses.txt"
                    ],
                    "license_public_domain": false,
                    "licenses": [
                        "X11"
                    ],
                    "links": [
                        {
                            "name": "ncurses",
                            "system": true
                        },
                        {
                            "name": "panel",
                            "system": true
                        },
                        {
                            "name": "intl",
                            "path_static": "build/lib/libintl.a"
                        },
                        {
                            "name": "iconv",
                            "system": true
                        }
                    ],
                    "objs": [
                        "build/Modules/_curses_panel.o"
                    ],
                    "required": false,
                    "variant": "default"
                }
            ],
            "_datetime": [
                {
                    "in_core": false,
                    "init_fn": "PyInit__datetime",
                    "links": [
                        {
                            "name": "intl",
                            "path_static": "build/lib/libintl.a"
                        },
                        {
                            "name": "iconv",
                            "system": true
                        }
                    ],
                    "objs": [
                        "build/Modules/_datetimemodule.o"
                    ],
                    "required": false,
                    "variant": "default"
                }
            ],
            "_dbm": [
                {
                    "in_core": false,
                    "init_fn": "PyInit__dbm",
                    "license_paths": [
                        "licenses/LICENSE.bdb.txt"
                    ],
                    "license_public_domain": false,
                    "licenses": [
                        "Sleepycat"
                    ],
                    "links": [
                        {
                            "name": "db",
                            "path_static": "build/lib/libdb.a"
                        },
                        {
                            "name": "intl",
                            "path_static": "build/lib/libintl.a"
                        },
                        {
                            "name": "iconv",
                            "system": true
                        }
                    ],
                    "objs": [
                        "build/Modules/_dbmmodule.o"
                    ],
                    "required": false,
                    "variant": "default"
                }
            ],
            "_decimal": [
                {
                    "in_core": false,
                    "init_fn": "PyInit__decimal",
                    "links": [
                        {
                            "name": "intl",
                            "path_static": "build/lib/libintl.a"
                        },
                        {
                            "name": "iconv",
                            "system": true
                        }
                    ],
                    "objs": [
                        "build/Modules/_decimal.o",
                        "build/Modules/basearith.o",
                        "build/Modules/constants.o",
                        "build/Modules/context.o",
                        "build/Modules/convolute.o",
                        "build/Modules/crt.o",
                        "build/Modules/difradix2.o",
                        "build/Modules/fnt.o",
                        "build/Modules/fourstep.o",
                        "build/Modules/io.o",
                        "build/Modules/mpalloc.o",
                        "build/Modules/mpdecimal.o",
                        "build/Modules/numbertheory.o",
                        "build/Modules/sixstep.o",
                        "build/Modules/transpose.o"
                    ],
                    "required": false,
                    "variant": "default"
                }
            ],
            "_elementtree": [
                {
                    "in_core": false,
                    "init_fn": "PyInit__elementtree",
                    "links": [
                        {
                            "name": "intl",
                            "path_static": "build/lib/libintl.a"
                        },
                        {
                            "name": "iconv",
                            "system": true
                        }
                    ],
                    "objs": [
                        "build/Modules/_elementtree.o"
                    ],
                    "required": false,
                    "variant": "default"
                }
            ],
            "_functools": [
                {
                    "in_core": false,
                    "init_fn": "PyInit__functools",
                    "links": [
                        {
                            "name": "intl",
                            "path_static": "build/lib/libintl.a"
                        },
                        {
                            "name": "iconv",
                            "system": true
                        }
                    ],
                    "objs": [
                        "build/Modules/_functoolsmodule.o"
                    ],
                    "required": false,
                    "variant": "default"
                }
            ],
            "_hashlib": [
                {
                    "in_core": false,
                    "init_fn": "PyInit__hashlib",
                    "license_paths": [
                        "licenses/LICENSE.openssl.txt"
                    ],
                    "license_public_domain": false,
                    "licenses": [
                        "OpenSSL"
                    ],
                    "links": [
                        {
                            "name": "crypto",
                            "path_static": "build/lib/libcrypto.a"
                        },
                        {
                            "name": "ssl",
                            "path_static": "build/lib/libssl.a"
                        },
                        {
                            "name": "intl",
                            "path_static": "build/lib/libintl.a"
                        },
                        {
                            "name": "iconv",
                            "system": true
                        }
                    ],
                    "objs": [
                        "build/Modules/_hashopenssl.o"
                    ],
                    "required": false,
                    "variant": "default"
                }
            ],
            "_heapq": [
                {
                    "in_core": false,
                    "init_fn": "PyInit__heapq",
                    "links": [
                        {
                            "name": "intl",
                            "path_static": "build/lib/libintl.a"
                        },
                        {
                            "name": "iconv",
                            "system": true
                        }
                    ],
                    "objs": [
                        "build/Modules/_heapqmodule.o"
                    ],
                    "required": false,
                    "variant": "default"
                }
            ],
            "_imp": [
                {
                    "in_core": true,
                    "init_fn": "PyInit__imp",
                    "links": [],
                    "objs": [],
                    "required": false,
                    "variant": "default"
                }
            ],
            "_io": [
                {
                    "in_core": false,
                    "init_fn": "PyInit__io",
                    "links": [
                        {
                            "name": "intl",
                            "path_static": "build/lib/libintl.a"
                        },
                        {
                            "name": "iconv",
                            "system": true
                        }
                    ],
                    "objs": [
                        "build/Modules/_iomodule.o",
                        "build/Modules/bufferedio.o",
                        "build/Modules/bytesio.o",
                        "build/Modules/fileio.o",
                        "build/Modules/iobase.o",
                        "build/Modules/stringio.o",
                        "build/Modules/textio.o"
                    ],
                    "required": true,
                    "variant": "default"
                }
            ],
            "_json": [
                {
                    "in_core": false,
                    "init_fn": "PyInit__json",
                    "links": [
                        {
                            "name": "intl",
                            "path_static": "build/lib/libintl.a"
                        },
                        {
                            "name": "iconv",
                            "system": true
                        }
                    ],
                    "objs": [
                        "build/Modules/_json.o"
                    ],
                    "required": false,
                    "variant": "default"
                }
            ],
            "_locale": [
                {
                    "in_core": false,
                    "init_fn": "PyInit__locale",
                    "links": [
                        {
                            "name": "intl",
                            "path_static": "build/lib/libintl.a"
                        },
                        {
                            "name": "iconv",
                            "system": true
                        }
                    ],
                    "objs": [
                        "build/Modules/_localemodule.o"
                    ],
                    "required": false,
                    "variant": "default"
                }
            ],
            "_lsprof": [
                {
                    "in_core": false,
                    "init_fn": "PyInit__lsprof",
                    "links": [
                        {
                            "name": "intl",
                            "path_static": "build/lib/libintl.a"
                        },
                        {
                            "name": "iconv",
                            "system": true
                        }
                    ],
                    "objs": [
                        "build/Modules/_lsprof.o",
                        "build/Modules/rotatingtree.o"
                    ],
                    "required": false,
                    "variant": "default"
                }
            ],
            "_lzma": [
                {
                    "in_core": false,
                    "init_fn": "PyInit__lzma",
                    "license_paths": [
                        "licenses/LICENSE.liblzma.txt"
                    ],
                    "license_public_domain": true,
                    "licenses": [],
                    "links": [
                        {
                            "name": "lzma",
                            "path_static": "build/lib/liblzma.a"
                        },
                        {
                            "name": "intl",
                            "path_static": "build/lib/libintl.a"
                        },
                        {
                            "name": "iconv",
                            "system": true
                        }
                    ],
                    "objs": [
                        "build/Modules/_lzmamodule.o"
                    ],
                    "required": false,
                    "variant": "default"
                }
            ],
            "_md5": [
                {
                    "in_core": false,
                    "init_fn": "PyInit__md5",
                    "links": [
                        {
                            "name": "intl",
                            "path_static": "build/lib/libintl.a"
                        },
                        {
                            "name": "iconv",
                            "system": true
                        }
                    ],
                    "objs": [
                        "build/Modules/md5module.o"
                    ],
                    "required": false,
                    "variant": "default"
                }
            ],
            "_multibytecodec": [
                {
                    "in_core": false,
                    "init_fn": "PyInit__multibytecodec",
                    "links": [
                        {
                            "name": "intl",
                            "path_static": "build/lib/libintl.a"
                        },
                        {
                            "name": "iconv",
                            "system": true
                        }
                    ],
                    "objs": [
                        "build/Modules/multibytecodec.o"
                    ],
                    "required": false,
                    "variant": "default"
                }
            ],
            "_multiprocessing": [
                {
                    "in_core": false,
                    "init_fn": "PyInit__multiprocessing",
                    "links": [
                        {
                            "name": "intl",
                            "path_static": "build/lib/libintl.a"
                        },
                        {
                            "name": "iconv",
                            "system": true
                        }
                    ],
                    "objs": [
                        "build/Modules/multiprocessing.o",
                        "build/Modules/semaphore.o"
                    ],
                    "required": false,
                    "variant": "default"
                }
            ],
            "_opcode": [
                {
                    "in_core": false,
                    "init_fn": "PyInit__opcode",
                    "links": [
                        {
                            "name": "intl",
                            "path_static": "build/lib/libintl.a"
                        },
                        {
                            "name": "iconv",
                            "system": true
                        }
                    ],
                    "objs": [
                        "build/Modules/_opcode.o"
                    ],
                    "required": false,
                    "variant": "default"
                }
            ],
            "_operator": [
                {
                    "in_core": false,
                    "init_fn": "PyInit__operator",
                    "links": [
                        {
                            "name": "intl",
                            "path_static": "build/lib/libintl.a"
                        },
                        {
                            "name": "iconv",
                            "system": true
                        }
                    ],
                    "objs": [
                        "build/Modules/_operator.o"
                    ],
                    "required": false,
                    "variant": "default"
                }
            ],
            "_peg_parser": [
                {
                    "in_core": false,
                    "init_fn": "PyInit__peg_parser",
                    "links": [
                        {
                            "name": "intl",
                            "path_static": "build/lib/libintl.a"
                        },
                        {
                            "name": "iconv",
                            "system": true
                        }
                    ],
                    "objs": [
                        "build/Modules/_peg_parser.o"
                    ],
                    "required": false,
                    "variant": "default"
                }
            ],
            "_pickle": [
                {
                    "in_core": false,
                    "init_fn": "PyInit__pickle",
                    "links": [
                        {
                            "name": "intl",
                            "path_static": "build/lib/libintl.a"
                        },
                        {
                            "name": "iconv",
                            "system": true
                        }
                    ],
                    "objs": [
                        "build/Modules/_pickle.o"
                    ],
                    "required": false,
                    "variant": "default"
                }
            ],
            "_posixshmem": [
                {
                    "in_core": false,
                    "init_fn": "PyInit__posixshmem",
                    "links": [
                        {
                            "name": "intl",
                            "path_static": "build/lib/libintl.a"
                        },
                        {
                            "name": "iconv",
                            "system": true
                        }
                    ],
                    "objs": [
                        "build/Modules/posixshmem.o"
                    ],
                    "required": false,
                    "variant": "default"
                }
            ],
            "_posixsubprocess": [
                {
                    "in_core": false,
                    "init_fn": "PyInit__posixsubprocess",
                    "links": [
                        {
                            "name": "intl",
                            "path_static": "build/lib/libintl.a"
                        },
                        {
                            "name": "iconv",
                            "system": true
                        }
                    ],
                    "objs": [
                        "build/Modules/_posixsubprocess.o"
                    ],
                    "required": false,
                    "variant": "default"
                }
            ],
            "_queue": [
                {
                    "in_core": false,
                    "init_fn": "PyInit__queue",
                    "links": [
                        {
                            "name": "intl",
                            "path_static": "build/lib/libintl.a"
                        },
                        {
                            "name": "iconv",
                            "system": true
                        }
                    ],
                    "objs": [
                        "build/Modules/_queuemodule.o"
                    ],
                    "required": false,
                    "variant": "default"
                }
            ],
            "_random": [
                {
                    "in_core": false,
                    "init_fn": "PyInit__random",
                    "links": [
                        {
                            "name": "intl",
                            "path_static": "build/lib/libintl.a"
                        },
                        {
                            "name": "iconv",
                            "system": true
                        }
                    ],
                    "objs": [
                        "build/Modules/_randommodule.o"
                    ],
                    "required": false,
                    "variant": "default"
                }
            ],
            "_scproxy": [
                {
                    "in_core": false,
                    "init_fn": "PyInit__scproxy",
                    "links": [
                        {
                            "framework": true,
                            "name": "CoreFoundation"
                        },
                        {
                            "framework": true,
                            "name": "SystemConfiguration"
                        },
                        {
                            "name": "intl",
                            "path_static": "build/lib/libintl.a"
                        },
                        {
                            "name": "iconv",
                            "system": true
                        }
                    ],
                    "objs": [
                        "build/Modules/_scproxy.o"
                    ],
                    "required": false,
                    "variant": "default"
                }
            ],
            "_sha1": [
                {
                    "in_core": false,
                    "init_fn": "PyInit__sha1",
                    "links": [
                        {
                            "name": "intl",
                            "path_static": "build/lib/libintl.a"
                        },
                        {
                            "name": "iconv",
                            "system": true
                        }
                    ],
                    "objs": [
                        "build/Modules/sha1module.o"
                    ],
                    "required": false,
                    "variant": "default"
                }
            ],
            "_sha256": [
                {
                    "in_core": false,
                    "init_fn": "PyInit__sha256",
                    "links": [
                        {
                            "name": "intl",
                            "path_static": "build/lib/libintl.a"
                        },
                        {
                            "name": "iconv",
                            "system": true
                        }
                    ],
                    "objs": [
                        "build/Modules/sha256module.o"
                    ],
                    "required": false,
                    "variant": "default"
                }
            ],
            "_sha3": [
                {
                    "in_core": false,
                    "init_fn": "PyInit__sha3",
                    "links": [
                        {
                            "name": "intl",
                            "path_static": "build/lib/libintl.a"
                        },
                        {
                            "name": "iconv",
                            "system": true
                        }
                    ],
                    "objs": [
                        "build/Modules/sha3module.o"
                    ],
                    "required": false,
                    "variant": "default"
                }
            ],
            "_sha512": [
                {
                    "in_core": false,
                    "init_fn": "PyInit__sha512",
                    "links": [
                        {
                            "name": "intl",
                            "path_static": "build/lib/libintl.a"
                        },
                        {
                            "name": "iconv",
                            "system": true
                        }
                    ],
                    "objs": [
                        "build/Modules/sha512module.o"
                    ],
                    "required": false,
                    "variant": "default"
                }
            ],
            "_signal": [
                {
                    "in_core": false,
                    "init_fn": "PyInit__signal",
                    "links": [
                        {
                            "name": "intl",
                            "path_static": "build/lib/libintl.a"
                        },
                        {
                            "name": "iconv",
                            "system": true
                        }
                    ],
                    "objs": [
                        "build/Modules/signalmodule.o"
                    ],
                    "required": true,
                    "variant": "default"
                }
            ],
            "_socket": [
                {
                    "in_core": false,
                    "init_fn": "PyInit__socket",
                    "links": [
                        {
                            "name": "intl",
                            "path_static": "build/lib/libintl.a"
                        },
                        {
                            "name": "iconv",
                            "system": true
                        }
                    ],
                    "objs": [
                        "build/Modules/socketmodule.o"
                    ],
                    "required": false,
                    "variant": "default"
                }
            ],
            "_sqlite3": [
                {
                    "in_core": false,
                    "init_fn": "PyInit__sqlite3",
                    "license_paths": [
                        "licenses/LICENSE.sqlite.txt"
                    ],
                    "license_public_domain": true,
                    "licenses": [],
                    "links": [
                        {
                            "name": "sqlite3",
                            "path_static": "build/lib/libsqlite3.a"
                        },
                        {
                            "name": "intl",
                            "path_static": "build/lib/libintl.a"
                        },
                        {
                            "name": "iconv",
                            "system": true
                        }
                    ],
                    "objs": [
                        "build/Modules/cache.o",
                        "build/Modules/connection.o",
                        "build/Modules/cursor.o",
                        "build/Modules/microprotocols.o",
                        "build/Modules/module.o",
                        "build/Modules/prepare_protocol.o",
                        "build/Modules/row.o",
                        "build/Modules/statement.o",
                        "build/Modules/util.o"
                    ],
                    "required": false,
                    "variant": "default"
                }
            ],
            "_sre": [
                {
                    "in_core": false,
                    "init_fn": "PyInit__sre",
                    "links": [
                        {
                            "name": "intl",
                            "path_static": "build/lib/libintl.a"
                        },
                        {
                            "name": "iconv",
                            "system": true
                        }
                    ],
                    "objs": [
                        "build/Modules/_sre.o"
                    ],
                    "required": false,
                    "variant": "default"
                }
            ],
            "_ssl": [
                {
                    "in_core": false,
                    "init_fn": "PyInit__ssl",
                    "license_paths": [
                        "licenses/LICENSE.openssl.txt"
                    ],
                    "license_public_domain": false,
                    "licenses": [
                        "OpenSSL"
                    ],
                    "links": [
                        {
                            "name": "crypto",
                            "path_static": "build/lib/libcrypto.a"
                        },
                        {
                            "name": "ssl",
                            "path_static": "build/lib/libssl.a"
                        },
                        {
                            "name": "intl",
                            "path_static": "build/lib/libintl.a"
                        },
                        {
                            "name": "iconv",
                            "system": true
                        }
                    ],
                    "objs": [
                        "build/Modules/_ssl.o"
                    ],
                    "required": false,
                    "variant": "default"
                }
            ],
            "_stat": [
                {
                    "in_core": false,
                    "init_fn": "PyInit__stat",
                    "links": [
                        {
                            "name": "intl",
                            "path_static": "build/lib/libintl.a"
                        },
                        {
                            "name": "iconv",
                            "system": true
                        }
                    ],
                    "objs": [
                        "build/Modules/_stat.o"
                    ],
                    "required": false,
                    "variant": "default"
                }
            ],
            "_statistics": [
                {
                    "in_core": false,
                    "init_fn": "PyInit__statistics",
                    "links": [
                        {
                            "name": "intl",
                            "path_static": "build/lib/libintl.a"
                        },
                        {
                            "name": "iconv",
                            "system": true
                        }
                    ],
                    "objs": [
                        "build/Modules/_statisticsmodule.o"
                    ],
                    "required": false,
                    "variant": "default"
                }
            ],
            "_string": [
                {
                    "in_core": true,
                    "init_fn": "PyInit__string",
                    "links": [],
                    "objs": [],
                    "required": false,
                    "variant": "default"
                }
            ],
            "_struct": [
                {
                    "in_core": false,
                    "init_fn": "PyInit__struct",
                    "links": [
                        {
                            "name": "intl",
                            "path_static": "build/lib/libintl.a"
                        },
                        {
                            "name": "iconv",
                            "system": true
                        }
                    ],
                    "objs": [
                        "build/Modules/_struct.o"
                    ],
                    "required": false,
                    "variant": "default"
                }
            ],
            "_symtable": [
                {
                    "in_core": false,
                    "init_fn": "PyInit__symtable",
                    "links": [
                        {
                            "name": "intl",
                            "path_static": "build/lib/libintl.a"
                        },
                        {
                            "name": "iconv",
                            "system": true
                        }
                    ],
                    "objs": [
                        "build/Modules/symtablemodule.o"
                    ],
                    "required": false,
                    "variant": "default"
                }
            ],
            "_testinternalcapi": [
                {
                    "in_core": false,
                    "init_fn": "PyInit__testinternalcapi",
                    "links": [
                        {
                            "name": "intl",
                            "path_static": "build/lib/libintl.a"
                        },
                        {
                            "name": "iconv",
                            "system": true
                        }
                    ],
                    "objs": [
                        "build/Modules/_testinternalcapi.o"
                    ],
                    "required": false,
                    "variant": "default"
                }
            ],
            "_thread": [
                {
                    "in_core": false,
                    "init_fn": "PyInit__thread",
                    "links": [
                        {
                            "name": "intl",
                            "path_static": "build/lib/libintl.a"
                        },
                        {
                            "name": "iconv",
                            "system": true
                        }
                    ],
                    "objs": [
                        "build/Modules/_threadmodule.o"
                    ],
                    "required": true,
                    "variant": "default"
                }
            ],
            "_tkinter": [
                {
                    "in_core": false,
                    "init_fn": "PyInit__tkinter",
                    "license_paths": [
                        "licenses/LICENSE.tcl.txt"
                    ],
                    "license_public_domain": false,
                    "licenses": [
                        "TCL"
                    ],
                    "links": [
                        {
                            "framework": true,
                            "name": "AppKit"
                        },
                        {
                            "framework": true,
                            "name": "ApplicationServices"
                        },
                        {
                            "framework": true,
                            "name": "Carbon"
                        },
                        {
                            "framework": true,
                            "name": "CoreGraphics"
                        },
                        {
                            "framework": true,
                            "name": "CoreServices"
                        },
                        {
                            "framework": true,
                            "name": "IOKit"
                        },
                        {
                            "name": "tcl8.6",
                            "path_static": "build/lib/libtcl8.6.a"
                        },
                        {
                            "name": "tk8.6",
                            "path_static": "build/lib/libtk8.6.a"
                        },
                        {
                            "name": "intl",
                            "path_static": "build/lib/libintl.a"
                        },
                        {
                            "name": "iconv",
                            "system": true
                        }
                    ],
                    "objs": [
                        "build/Modules/_tkinter.o",
                        "build/Modules/tkappinit.o"
                    ],
                    "required": false,
                    "variant": "default"
                }
            ],
            "_tracemalloc": [
                {
                    "in_core": false,
                    "init_fn": "PyInit__tracemalloc",
                    "links": [
                        {
                            "name": "intl",
                            "path_static": "build/lib/libintl.a"
                        },
                        {
                            "name": "iconv",
                            "system": true
                        }
                    ],
                    "objs": [
                        "build/Modules/_tracemalloc.o"
                    ],
                    "required": true,
                    "variant": "default"
                }
            ],
            "_uuid": [
                {
                    "in_core": false,
                    "init_fn": "PyInit__uuid",
                    "license_paths": [
                        "licenses/LICENSE.libuuid.txt"
                    ],
                    "license_public_domain": false,
                    "licenses": [
                        "BSD-3-Clause"
                    ],
                    "links": [
                        {
                            "name": "uuid",
                            "path_static": "build/lib/libuuid.a"
                        },
                        {
                            "name": "intl",
                            "path_static": "build/lib/libintl.a"
                        },
                        {
                            "name": "iconv",
                            "system": true
                        }
                    ],
                    "objs": [
                        "build/Modules/_uuidmodule.o"
                    ],
                    "required": false,
                    "variant": "default"
                }
            ],
            "_warnings": [
                {
                    "in_core": true,
                    "init_fn": "_PyWarnings_Init",
                    "links": [],
                    "objs": [],
                    "required": false,
                    "variant": "default"
                }
            ],
            "_weakref": [
                {
                    "in_core": false,
                    "init_fn": "PyInit__weakref",
                    "links": [
                        {
                            "name": "intl",
                            "path_static": "build/lib/libintl.a"
                        },
                        {
                            "name": "iconv",
                            "system": true
                        }
                    ],
                    "objs": [
                        "build/Modules/_weakref.o"
                    ],
                    "required": true,
                    "variant": "default"
                },
                {
                    "in_core": false,
                    "init_fn": "PyInit__weakref",
                    "links": [
                        {
                            "name": "intl",
                            "path_static": "build/lib/libintl.a"
                        },
                        {
                            "name": "iconv",
                            "system": true
                        }
                    ],
                    "objs": [
                        "build/Modules/_weakref.o"
                    ],
                    "required": true,
                    "variant": "default"
                }
            ],
            "_zoneinfo": [
                {
                    "in_core": false,
                    "init_fn": "PyInit__zoneinfo",
                    "links": [
                        {
                            "name": "intl",
                            "path_static": "build/lib/libintl.a"
                        },
                        {
                            "name": "iconv",
                            "system": true
                        }
                    ],
                    "objs": [
                        "build/Modules/_zoneinfo.o"
                    ],
                    "required": false,
                    "variant": "default"
                }
            ],
            "array": [
                {
                    "in_core": false,
                    "init_fn": "PyInit_array",
                    "links": [
                        {
                            "name": "intl",
                            "path_static": "build/lib/libintl.a"
                        },
                        {
                            "name": "iconv",
                            "system": true
                        }
                    ],
                    "objs": [
                        "build/Modules/arraymodule.o"
                    ],
                    "required": false,
                    "variant": "default"
                }
            ],
            "atexit": [
                {
                    "in_core": false,
                    "init_fn": "PyInit_atexit",
                    "links": [
                        {
                            "name": "intl",
                            "path_static": "build/lib/libintl.a"
                        },
                        {
                            "name": "iconv",
                            "system": true
                        }
                    ],
                    "objs": [
                        "build/Modules/atexitmodule.o"
                    ],
                    "required": false,
                    "variant": "default"
                }
            ],
            "audioop": [
                {
                    "in_core": false,
                    "init_fn": "PyInit_audioop",
                    "links": [
                        {
                            "name": "intl",
                            "path_static": "build/lib/libintl.a"
                        },
                        {
                            "name": "iconv",
                            "system": true
                        }
                    ],
                    "objs": [
                        "build/Modules/audioop.o"
                    ],
                    "required": false,
                    "variant": "default"
                }
            ],
            "binascii": [
                {
                    "in_core": false,
                    "init_fn": "PyInit_binascii",
                    "links": [
                        {
                            "name": "intl",
                            "path_static": "build/lib/libintl.a"
                        },
                        {
                            "name": "iconv",
                            "system": true
                        }
                    ],
                    "objs": [
                        "build/Modules/binascii.o"
                    ],
                    "required": false,
                    "variant": "default"
                }
            ],
            "builtins": [
                {
                    "in_core": true,
                    "init_fn": "NULL",
                    "links": [],
                    "objs": [],
                    "required": false,
                    "variant": "default"
                }
            ],
            "cmath": [
                {
                    "in_core": false,
                    "init_fn": "PyInit_cmath",
                    "links": [
                        {
                            "name": "intl",
                            "path_static": "build/lib/libintl.a"
                        },
                        {
                            "name": "iconv",
                            "system": true
                        }
                    ],
                    "objs": [
                        "build/Modules/_math.o",
                        "build/Modules/cmathmodule.o"
                    ],
                    "required": false,
                    "variant": "default"
                }
            ],
            "errno": [
                {
                    "in_core": false,
                    "init_fn": "PyInit_errno",
                    "links": [
                        {
                            "name": "intl",
                            "path_static": "build/lib/libintl.a"
                        },
                        {
                            "name": "iconv",
                            "system": true
                        }
                    ],
                    "objs": [
                        "build/Modules/errnomodule.o"
                    ],
                    "required": false,
                    "variant": "default"
                }
            ],
            "faulthandler": [
                {
                    "in_core": false,
                    "init_fn": "PyInit_faulthandler",
                    "links": [
                        {
                            "name": "intl",
                            "path_static": "build/lib/libintl.a"
                        },
                        {
                            "name": "iconv",
                            "system": true
                        }
                    ],
                    "objs": [
                        "build/Modules/faulthandler.o"
                    ],
                    "required": true,
                    "variant": "default"
                }
            ],
            "fcntl": [
                {
                    "in_core": false,
                    "init_fn": "PyInit_fcntl",
                    "links": [
                        {
                            "name": "intl",
                            "path_static": "build/lib/libintl.a"
                        },
                        {
                            "name": "iconv",
                            "system": true
                        }
                    ],
                    "objs": [
                        "build/Modules/fcntlmodule.o"
                    ],
                    "required": false,
                    "variant": "default"
                }
            ],
            "gc": [
                {
                    "in_core": true,
                    "init_fn": "PyInit_gc",
                    "links": [],
                    "objs": [],
                    "required": false,
                    "variant": "default"
                }
            ],
            "grp": [
                {
                    "in_core": false,
                    "init_fn": "PyInit_grp",
                    "links": [
                        {
                            "name": "intl",
                            "path_static": "build/lib/libintl.a"
                        },
                        {
                            "name": "iconv",
                            "system": true
                        }
                    ],
                    "objs": [
                        "build/Modules/grpmodule.o"
                    ],
                    "required": false,
                    "variant": "default"
                }
            ],
            "itertools": [
                {
                    "in_core": false,
                    "init_fn": "PyInit_itertools",
                    "links": [
                        {
                            "name": "intl",
                            "path_static": "build/lib/libintl.a"
                        },
                        {
                            "name": "iconv",
                            "system": true
                        }
                    ],
                    "objs": [
                        "build/Modules/itertoolsmodule.o"
                    ],
                    "required": false,
                    "variant": "default"
                }
            ],
            "marshal": [
                {
                    "in_core": true,
                    "init_fn": "PyMarshal_Init",
                    "links": [],
                    "objs": [],
                    "required": false,
                    "variant": "default"
                }
            ],
            "math": [
                {
                    "in_core": false,
                    "init_fn": "PyInit_math",
                    "links": [
                        {
                            "name": "intl",
                            "path_static": "build/lib/libintl.a"
                        },
                        {
                            "name": "iconv",
                            "system": true
                        }
                    ],
                    "objs": [
                        "build/Modules/_math.o",
                        "build/Modules/mathmodule.o"
                    ],
                    "required": false,
                    "variant": "default"
                }
            ],
            "mmap": [
                {
                    "in_core": false,
                    "init_fn": "PyInit_mmap",
                    "links": [
                        {
                            "name": "intl",
                            "path_static": "build/lib/libintl.a"
                        },
                        {
                            "name": "iconv",
                            "system": true
                        }
                    ],
                    "objs": [
                        "build/Modules/mmapmodule.o"
                    ],
                    "required": false,
                    "variant": "default"
                }
            ],
            "parser": [
                {
                    "in_core": false,
                    "init_fn": "PyInit_parser",
                    "links": [
                        {
                            "name": "intl",
                            "path_static": "build/lib/libintl.a"
                        },
                        {
                            "name": "iconv",
                            "system": true
                        }
                    ],
                    "objs": [
                        "build/Modules/parsermodule.o"
                    ],
                    "required": false,
                    "variant": "default"
                }
            ],
            "posix": [
                {
                    "in_core": false,
                    "init_fn": "PyInit_posix",
                    "links": [
                        {
                            "name": "intl",
                            "path_static": "build/lib/libintl.a"
                        },
                        {
                            "name": "iconv",
                            "system": true
                        }
                    ],
                    "objs": [
                        "build/Modules/posixmodule.o"
                    ],
                    "required": true,
                    "variant": "default"
                }
            ],
            "pwd": [
                {
                    "in_core": false,
                    "init_fn": "PyInit_pwd",
                    "links": [
                        {
                            "name": "intl",
                            "path_static": "build/lib/libintl.a"
                        },
                        {
                            "name": "iconv",
                            "system": true
                        }
                    ],
                    "objs": [
                        "build/Modules/pwdmodule.o"
                    ],
                    "required": false,
                    "variant": "default"
                }
            ],
            "pyexpat": [
                {
                    "in_core": false,
                    "init_fn": "PyInit_pyexpat",
                    "links": [
                        {
                            "name": "intl",
                            "path_static": "build/lib/libintl.a"
                        },
                        {
                            "name": "iconv",
                            "system": true
                        }
                    ],
                    "objs": [
                        "build/Modules/pyexpat.o",
                        "build/Modules/xmlparse.o",
                        "build/Modules/xmlrole.o",
                        "build/Modules/xmltok.o"
                    ],
                    "required": false,
                    "variant": "default"
                }
            ],
            "readline": [
                {
                    "in_core": false,
                    "init_fn": "PyInit_readline",
                    "license_paths": [
                        "licenses/LICENSE.libedit.txt",
                        "licenses/LICENSE.ncurses.txt"
                    ],
                    "license_public_domain": false,
                    "licenses": [
                        "BSD-3-Clause",
                        "X11"
                    ],
                    "links": [
                        {
                            "name": "edit",
                            "path_static": "build/lib/libedit.a"
                        },
                        {
                            "name": "ncurses",
                            "system": true
                        },
                        {
                            "name": "intl",
                            "path_static": "build/lib/libintl.a"
                        },
                        {
                            "name": "iconv",
                            "system": true
                        }
                    ],
                    "objs": [
                        "build/Modules/readline.o"
                    ],
                    "required": false,
                    "variant": "default"
                }
            ],
            "resource": [
                {
                    "in_core": false,
                    "init_fn": "PyInit_resource",
                    "links": [
                        {
                            "name": "intl",
                            "path_static": "build/lib/libintl.a"
                        },
                        {
                            "name": "iconv",
                            "system": true
                        }
                    ],
                    "objs": [
                        "build/Modules/resource.o"
                    ],
                    "required": false,
                    "variant": "default"
                }
            ],
            "select": [
                {
                    "in_core": false,
                    "init_fn": "PyInit_select",
                    "links": [
                        {
                            "name": "intl",
                            "path_static": "build/lib/libintl.a"
                        },
                        {
                            "name": "iconv",
                            "system": true
                        }
                    ],
                    "objs": [
                        "build/Modules/selectmodule.o"
                    ],
                    "required": false,
                    "variant": "default"
                }
            ],
            "sys": [
                {
                    "in_core": true,
                    "init_fn": "NULL",
                    "links": [],
                    "objs": [],
                    "required": false,
                    "variant": "default"
                }
            ],
            "syslog": [
                {
                    "in_core": false,
                    "init_fn": "PyInit_syslog",
                    "links": [
                        {
                            "name": "intl",
                            "path_static": "build/lib/libintl.a"
                        },
                        {
                            "name": "iconv",
                            "system": true
                        }
                    ],
                    "objs": [
                        "build/Modules/syslogmodule.o"
                    ],
                    "required": false,
                    "variant": "default"
                }
            ],
            "termios": [
                {
                    "in_core": false,
                    "init_fn": "PyInit_termios",
                    "links": [
                        {
                            "name": "intl",
                            "path_static": "build/lib/libintl.a"
                        },
                        {
                            "name": "iconv",
                            "system": true
                        }
                    ],
                    "objs": [
                        "build/Modules/termios.o"
                    ],
                    "required": false,
                    "variant": "default"
                }
            ],
            "time": [
                {
                    "in_core": false,
                    "init_fn": "PyInit_time",
                    "links": [
                        {
                            "name": "intl",
                            "path_static": "build/lib/libintl.a"
                        },
                        {
                            "name": "iconv",
                            "system": true
                        }
                    ],
                    "objs": [
                        "build/Modules/timemodule.o"
                    ],
                    "required": false,
                    "variant": "default"
                }
            ],
            "unicodedata": [
                {
                    "in_core": false,
                    "init_fn": "PyInit_unicodedata",
                    "links": [
                        {
                            "name": "intl",
                            "path_static": "build/lib/libintl.a"
                        },
                        {
                            "name": "iconv",
                            "system": true
                        }
                    ],
                    "objs": [
                        "build/Modules/unicodedata.o"
                    ],
                    "required": false,
                    "variant": "default"
                }
            ],
            "xxsubtype": [
                {
                    "in_core": false,
                    "init_fn": "PyInit_xxsubtype",
                    "links": [
                        {
                            "name": "intl",
                            "path_static": "build/lib/libintl.a"
                        },
                        {
                            "name": "iconv",
                            "system": true
                        }
                    ],
                    "objs": [
                        "build/Modules/xxsubtype.o"
                    ],
                    "required": false,
                    "variant": "default"
                }
            ],
            "zlib": [
                {
                    "in_core": false,
                    "init_fn": "PyInit_zlib",
                    "license_paths": [
                        "licenses/LICENSE.zlib.txt"
                    ],
                    "license_public_domain": false,
                    "licenses": [
                        "Zlib"
                    ],
                    "links": [
                        {
                            "name": "z",
                            "path_static": "build/lib/libz.a"
                        },
                        {
                            "name": "intl",
                            "path_static": "build/lib/libintl.a"
                        },
                        {
                            "name": "iconv",
                            "system": true
                        }
                    ],
                    "objs": [
                        "build/Modules/zlibmodule.o"
                    ],
                    "required": false,
                    "variant": "default"
                }
            ]
        },
        "inittab_cflags": [
            "-std=c99",
            "-DNDEBUG",
            "-DPy_BUILD_CORE"
        ],
        "inittab_object": "build/Modules/config.o",
        "inittab_source": "build/Modules/config.c",
        "object_file_format": "mach-o"
    },
    "crt_features": [
        "libSystem"
    ],
    "libpython_link_mode": "shared",
    "license_path": "licenses/LICENSE.cpython.txt",
    "licenses": [
        "Python-2.0",
        "CNRI-Python"
    ],
    "optimizations": "pgo",
    "python_abi_tag": "",
    "python_bytecode_magic_number": "610d0d0a",
    "python_exe": "install/bin/python3.9",
    "python_extension_module_loading": [
        "builtin",
        "shared-library"
    ],
    "python_implementation_cache_tag": "cpython-39",
    "python_implementation_hex_version": 50921712,
    "python_implementation_name": "cpython",
    "python_implementation_version": [
        "3",
        "9",
        "0",
        "final",
        "0"
    ],
    "python_major_minor_version": "3.9",
    "python_paths": {
        "data": "install",
        "include": "install/include/python3.9",
        "platinclude": "install/include/python3.9",
        "platlib": "install/lib/python3.9/site-packages",
        "platstdlib": "install/lib/python3.9",
        "purelib": "install/lib/python3.9/site-packages",
        "scripts": "install/bin",
        "stdlib": "install/lib/python3.9"
    },
    "python_platform_tag": "macosx-10.9-x86_64",
    "python_stdlib_platform_config": "install/lib/python3.9/config-3.9-darwin",
    "python_stdlib_test_packages": [
        "bsddb.test",
        "ctypes.test",
        "distutils.tests",
        "email.test",
        "idlelib.idle_test",
        "json.tests",
        "lib-tk.test",
        "lib2to3.tests",
        "sqlite3.test",
        "test",
        "tkinter.test",
        "unittest.test"
    ],
    "python_suffixes": {
        "bytecode": [
            ".pyc"
        ],
        "debug_bytecode": [
            ".pyc"
        ],
        "extension": [
            ".cpython-39-darwin.so",
            ".abi3.so",
            ".so"
        ],
        "optimized_bytecode": [
            ".pyc"
        ],
        "source": [
            ".py"
        ]
    },
    "python_symbol_visibility": "global-default",
    "python_tag": "cp39",
    "python_version": "3.9.0",
    "run_tests": "build/run_tests.py",
    "target_triple": "x86_64-apple-darwin",
    "tcl_library_path": "install/lib",
    "tcl_library_paths": [
        "tcl8",
        "tcl8.6",
        "thread2.8.5",
        "Tix8.4.3",
        "tk8.6"
    ],
    "version": "5"
}